group,id,input,mean,std_dev,median,max,min
CSV Source,With Schema,1000,100122937.50135067,5529939.392859037,98367958.4,121714393.0,96834414.0
CSV Source,With Schema,10,1786261.7805735942,35005.95842632875,1785440.483974359,1874715.7554945054,1728565.9951923077
CSV Source,With Schema,100,13404741.213593159,4789015.369597875,10799067.44642857,23708705.2125,10696156.778846154
CSV Source,No Optimizations,1000,98635919.48133776,1437454.6121741747,98240186.21052632,103795634.0,97213870.5
CSV Source,No Optimizations,10,1726843.819516215,25362.62358971222,1719216.171679198,1810478.642857143,1703245.6326530613
CSV Source,No Optimizations,100,15386397.519385701,5332507.178354298,13852979.575,23531726.75,10681168.25
