{
  "results": [
    {
      "command": "/home/fabio/Documents/Noir/py-evaluation/tests/noir/simple.py -r /home/fabio/Documents/Noir/py-evaluation/1_hosts.yml /home/fabio/Documents/Noir/py-evaluation/data/1000_100.csv",
      "mean": 0.4767563645400001,
      "stddev": 0.02476929598313333,
      "median": 0.48163712254,
      "user": 0.06660037999999999,
      "system": 0.01230472,
      "min": 0.41611713104000003,
      "max": 0.50241052904,
      "times": [
        0.48263594904,
        0.41611713104000003,
        0.48050200704,
        0.49723985204000004,
        0.48063829604,
        0.46128570304,
        0.49250823004,
        0.46673389804000004,
        0.50241052904,
        0.48749205004
      ],
      "exit_codes": [
        0,
        0,
        0,
        0,
        0,
        0,
        0,
        0,
        0,
        0
      ],
      "parameters": {
        "n_hosts": "1",
        "n_row": "1000"
      }
    },
    {
      "command": "/home/fabio/Documents/Noir/py-evaluation/tests/noir/simple.py -r /home/fabio/Documents/Noir/py-evaluation/1_hosts.yml /home/fabio/Documents/Noir/py-evaluation/data/10000_100.csv",
      "mean": 0.52313354034,
      "stddev": 0.04108953059153289,
      "median": 0.50953703304,
      "user": 0.06919117999999999,
      "system": 0.01742282,
      "min": 0.47707690704,
      "max": 0.61888123204,
      "times": [
        0.51247579604,
        0.50659827004,
        0.52593437804,
        0.53697951804,
        0.61888123204,
        0.55798582204,
        0.50549746304,
        0.50509588304,
        0.47707690704,
        0.48481013404
      ],
      "exit_codes": [
        0,
        0,
        0,
        0,
        0,
        0,
        0,
        0,
        0,
        0
      ],
      "parameters": {
        "n_hosts": "1",
        "n_row": "10000"
      }
    },
    {
      "command": "/home/fabio/Documents/Noir/py-evaluation/tests/noir/simple.py -r /home/fabio/Documents/Noir/py-evaluation/1_hosts.yml /home/fabio/Documents/Noir/py-evaluation/data/100000_100.csv",
      "mean": 0.5270426470399999,
      "stddev": 0.019370755235293358,
      "median": 0.52675388754,
      "user": 0.06903067999999998,
      "system": 0.01308382,
      "min": 0.49402231504,
      "max": 0.55391475304,
      "times": [
        0.52291163404,
        0.52620847004,
        0.54372525104,
        0.49402231504,
        0.51283331804,
        0.53777882004,
        0.50408892004,
        0.52729930504,
        0.54764368404,
        0.55391475304
      ],
      "exit_codes": [
        0,
        0,
        0,
        0,
        0,
        0,
        0,
        0,
        0,
        0
      ],
      "parameters": {
        "n_hosts": "1",
        "n_row": "100000"
      }
    },
    {
      "command": "/home/fabio/Documents/Noir/py-evaluation/tests/noir/simple.py -r /home/fabio/Documents/Noir/py-evaluation/1_hosts.yml /home/fabio/Documents/Noir/py-evaluation/data/1000000_100.csv",
      "mean": 0.7963920362400001,
      "stddev": 0.03119287434502952,
      "median": 0.78735825204,
      "user": 0.06673488,
      "system": 0.014673419999999998,
      "min": 0.7632221290400001,
      "max": 0.87797376904,
      "times": [
        0.78712387204,
        0.78740914904,
        0.7632221290400001,
        0.8113091100400001,
        0.78730735504,
        0.7956740990400001,
        0.78686730604,
        0.7908214130400001,
        0.77621216004,
        0.87797376904
      ],
      "exit_codes": [
        0,
        0,
        0,
        0,
        0,
        0,
        0,
        0,
        0,
        0
      ],
      "parameters": {
        "n_hosts": "1",
        "n_row": "1000000"
      }
    },
    {
      "command": "/home/fabio/Documents/Noir/py-evaluation/tests/noir/simple.py -r /home/fabio/Documents/Noir/py-evaluation/2_hosts.yml /home/fabio/Documents/Noir/py-evaluation/data/1000_100.csv",
      "mean": 0.5058181853400001,
      "stddev": 0.042938417700565994,
      "median": 0.49366977904,
      "user": 0.08374438,
      "system": 0.01311502,
      "min": 0.45675844504,
      "max": 0.56701677604,
      "times": [
        0.54984638504,
        0.46904225404,
        0.46582602904000003,
        0.53616944204,
        0.55835811704,
        0.56701677604,
        0.45675844504,
        0.48558846604,
        0.46782484704,
        0.50175109204
      ],
      "exit_codes": [
        0,
        0,
        0,
        0,
        0,
        0,
        0,
        0,
        0,
        0
      ],
      "parameters": {
        "n_hosts": "2",
        "n_row": "1000"
      }
    },
    {
      "command": "/home/fabio/Documents/Noir/py-evaluation/tests/noir/simple.py -r /home/fabio/Documents/Noir/py-evaluation/2_hosts.yml /home/fabio/Documents/Noir/py-evaluation/data/10000_100.csv",
      "mean": 0.5385984480399999,
      "stddev": 0.04853654419770674,
      "median": 0.53407265254,
      "user": 0.08169347999999998,
      "system": 0.01630872,
      "min": 0.48183891604,
      "max": 0.63377083704,
      "times": [
        0.50054360304,
        0.48183891604,
        0.63377083704,
        0.49142535504,
        0.57331299604,
        0.52386430604,
        0.55407754804,
        0.58350088904,
        0.54428099904,
        0.49936903103999997
      ],
      "exit_codes": [
        0,
        0,
        0,
        0,
        0,
        0,
        0,
        0,
        0,
        0
      ],
      "parameters": {
        "n_hosts": "2",
        "n_row": "10000"
      }
    },
    {
      "command": "/home/fabio/Documents/Noir/py-evaluation/tests/noir/simple.py -r /home/fabio/Documents/Noir/py-evaluation/2_hosts.yml /home/fabio/Documents/Noir/py-evaluation/data/100000_100.csv",
      "mean": 0.55978153794,
      "stddev": 0.02821221304158704,
      "median": 0.5661609220400001,
      "user": 0.08969807999999999,
      "system": 0.014721719999999999,
      "min": 0.50844713504,
      "max": 0.6078798910400001,
      "times": [
        0.5358265800400001,
        0.5619787820400001,
        0.57960391404,
        0.50844713504,
        0.54159606604,
        0.54218930704,
        0.57882550604,
        0.6078798910400001,
        0.57112513604,
        0.5703430620400001
      ],
      "exit_codes": [
        0,
        0,
        0,
        0,
        0,
        0,
        0,
        0,
        0,
        0
      ],
      "parameters": {
        "n_hosts": "2",
        "n_row": "100000"
      }
    },
    {
      "command": "/home/fabio/Documents/Noir/py-evaluation/tests/noir/simple.py -r /home/fabio/Documents/Noir/py-evaluation/2_hosts.yml /home/fabio/Documents/Noir/py-evaluation/data/1000000_100.csv",
      "mean": 0.9491468551400001,
      "stddev": 0.02371707748594573,
      "median": 0.9531096760400001,
      "user": 0.10284418,
      "system": 0.014617620000000001,
      "min": 0.90499355104,
      "max": 0.98667629404,
      "times": [
        0.96399683804,
        0.9357130720400001,
        0.94237938604,
        0.90499355104,
        0.9478662920400001,
        0.95933408604,
        0.98667629404,
        0.92317899004,
        0.9583530600400001,
        0.96897698204
      ],
      "exit_codes": [
        0,
        0,
        0,
        0,
        0,
        0,
        0,
        0,
        0,
        0
      ],
      "parameters": {
        "n_hosts": "2",
        "n_row": "1000000"
      }
    },
    {
      "command": "/home/fabio/Documents/Noir/py-evaluation/tests/noir/simple.py -r /home/fabio/Documents/Noir/py-evaluation/3_hosts.yml /home/fabio/Documents/Noir/py-evaluation/data/1000_100.csv",
      "mean": 0.55191069814,
      "stddev": 0.03790376987140831,
      "median": 0.53373608354,
      "user": 0.09651978000000001,
      "system": 0.02060372,
      "min": 0.51883821404,
      "max": 0.6165204670400001,